{
    "policias": [
        {
            "id": 1,
            "nombre": "Sofía",
            "apellido": "Gómez",
            "dni": "74343277Y",
            "fecha_nacimiento": "1970-11-24",
            "pasatiempos": [
                "Jugar ajedrez",
                "Fotografía",
                "Escuchar música"
            ]
        },
        {
            "id": 2,
            "nombre": "Laura",
            "apellido": "Martínez",
            "dni": "21854198F",
            "fecha_nacimiento": "1961-12-15",
            "pasatiempos": [
                "Escuchar música",
                "Correr",
                "Fotografía"
            ]
        },
        {
            "id": 3,
            "nombre": "Ana",
            "apellido": "Torres",
            "dni": "13241738U",
            "fecha_nacimiento": "1986-10-21",
            "pasatiempos": [
                "Ver series",
                "Cocinar",
                "Viajar"
            ]
        },
        {
            "id": 4,
            "nombre": "Miguel",
            "apellido": "Fernández",
            "dni": "74728790H",
            "fecha_nacimiento": "1996-01-17",
            "pasatiempos": [
                "Ver series",
                "Correr",
                "Fotografía"
            ]
        },
        {
            "id": 5,
            "nombre": "María",
            "apellido": "Sánchez",
            "dni": "75768954A",
            "fecha_nacimiento": "1997-12-28",
            "pasatiempos": [
                "Viajar",
                "Fotografía",
                "Leer"
            ]
        },
        {
            "id": 6,
            "nombre": "Diego",
            "apellido": "Ramírez",
            "dni": "52148169U",
            "fecha_nacimiento": "2002-09-04",
            "pasatiempos": [
                "Fotografía",
                "Nadar",
                "Ver series"
            ]
        },
        {
            "id": 7,
            "nombre": "Juan",
            "apellido": "Martínez",
            "dni": "11946663M",
            "fecha_nacimiento": "1984-12-25",
            "pasatiempos": [
                "Leer",
                "Escuchar música",
                "Jugar ajedrez"
            ]
        },
        {
            "id": 8,
            "nombre": "Sofía",
            "apellido": "Díaz",
            "dni": "92951238M",
            "fecha_nacimiento": "1978-11-26",
            "pasatiempos": [
                "Leer",
                "Ver series",
                "Correr"
            ]
        },
        {
            "id": 9,
            "nombre": "Ana",
            "apellido": "Martínez",
            "dni": "92145120J",
            "fecha_nacimiento": "1992-11-23",
            "pasatiempos": [
                "Fotografía",
                "Leer",
                "Escuchar música"
            ]
        },
        {
            "id": 10,
            "nombre": "Laura",
            "apellido": "López",
            "dni": "76186516X",
            "fecha_nacimiento": "1991-02-13",
            "pasatiempos": [
                "Nadar",
                "Pintar",
                "Viajar"
            ]
        },
        {
            "id": 11,
            "nombre": "Lucía",
            "apellido": "Gómez",
            "dni": "43934483L",
            "fecha_nacimiento": "1985-10-03",
            "pasatiempos": [
                "Leer",
                "Correr",
                "Fotografía"
            ]
        },
        {
            "id": 12,
            "nombre": "Laura",
            "apellido": "Martínez",
            "dni": "98829227I",
            "fecha_nacimiento": "2000-02-04",
            "pasatiempos": [
                "Leer",
                "Cocinar",
                "Correr"
            ]
        },
        {
            "id": 13,
            "nombre": "Carlos",
            "apellido": "Torres",
            "dni": "68703236S",
            "fecha_nacimiento": "1968-11-04",
            "pasatiempos": [
                "Leer",
                "Correr",
                "Escuchar música"
            ]
        },
        {
            "id": 14,
            "nombre": "Pedro",
            "apellido": "López",
            "dni": "42722465H",
            "fecha_nacimiento": "1965-12-28",
            "pasatiempos": [
                "Ver series",
                "Jugar ajedrez",
                "Cocinar"
            ]
        },
        {
            "id": 15,
            "nombre": "Carlos",
            "apellido": "Fernández",
            "dni": "93681903T",
            "fecha_nacimiento": "1992-09-24",
            "pasatiempos": [
                "Escuchar música",
                "Jugar ajedrez",
                "Correr"
            ]
        },
        {
            "id": 16,
            "nombre": "Ana",
            "apellido": "Gómez",
            "dni": "49041085E",
            "fecha_nacimiento": "1983-05-25",
            "pasatiempos": [
                "Nadar",
                "Correr",
                "Cocinar"
            ]
        },
        {
            "id": 17,
            "nombre": "Lucía",
            "apellido": "Pérez",
            "dni": "34101921B",
            "fecha_nacimiento": "1973-07-22",
            "pasatiempos": [
                "Fotografía",
                "Leer",
                "Correr"
            ]
        },
        {
            "id": 18,
            "nombre": "Lucía",
            "apellido": "Ruiz",
            "dni": "58835993Z",
            "fecha_nacimiento": "1960-06-26",
            "pasatiempos": [
                "Viajar",
                "Escuchar música",
                "Pintar"
            ]
        },
        {
            "id": 19,
            "nombre": "Miguel",
            "apellido": "Fernández",
            "dni": "38441605H",
            "fecha_nacimiento": "1999-01-30",
            "pasatiempos": [
                "Jugar ajedrez",
                "Nadar",
                "Pintar"
            ]
        },
        {
            "id": 20,
            "nombre": "Lucía",
            "apellido": "López",
            "dni": "97419397M",
            "fecha_nacimiento": "1996-07-23",
            "pasatiempos": [
                "Cocinar",
                "Escuchar música",
                "Leer"
            ]
        },
        {
            "id": 21,
            "nombre": "Miguel",
            "apellido": "Martínez",
            "dni": "95236158H",
            "fecha_nacimiento": "1975-01-13",
            "pasatiempos": [
                "Jugar ajedrez",
                "Pintar",
                "Fotografía"
            ]
        },
        {
            "id": 22,
            "nombre": "Carlos",
            "apellido": "Fernández",
            "dni": "38742842C",
            "fecha_nacimiento": "1989-01-03",
            "pasatiempos": [
                "Leer",
                "Viajar",
                "Jugar ajedrez"
            ]
        },
        {
            "id": 23,
            "nombre": "Juan",
            "apellido": "Martínez",
            "dni": "85042790W",
            "fecha_nacimiento": "1991-08-26",
            "pasatiempos": [
                "Viajar",
                "Jugar ajedrez",
                "Pintar"
            ]
        },
        {
            "id": 24,
            "nombre": "Diego",
            "apellido": "Díaz",
            "dni": "24013561F",
            "fecha_nacimiento": "1978-08-06",
            "pasatiempos": [
                "Pintar",
                "Cocinar",
                "Viajar"
            ]
        },
        {
            "id": 25,
            "nombre": "María",
            "apellido": "López",
            "dni": "53732230K",
            "fecha_nacimiento": "1972-10-13",
            "pasatiempos": [
                "Viajar",
                "Jugar ajedrez",
                "Cocinar"
            ]
        },
        {
            "id": 26,
            "nombre": "Juan",
            "apellido": "Pérez",
            "dni": "48028564R",
            "fecha_nacimiento": "1995-07-03",
            "pasatiempos": [
                "Pintar",
                "Jugar ajedrez",
                "Fotografía"
            ]
        },
        {
            "id": 27,
            "nombre": "Carlos",
            "apellido": "Ramírez",
            "dni": "21215497R",
            "fecha_nacimiento": "2004-01-30",
            "pasatiempos": [
                "Escuchar música",
                "Leer",
                "Ver series"
            ]
        },
        {
            "id": 28,
            "nombre": "Diego",
            "apellido": "López",
            "dni": "92514810K",
            "fecha_nacimiento": "1984-04-30",
            "pasatiempos": [
                "Ver series",
                "Nadar",
                "Leer"
            ]
        },
        {
            "id": 29,
            "nombre": "Pedro",
            "apellido": "Torres",
            "dni": "50745957Q",
            "fecha_nacimiento": "1982-05-08",
            "pasatiempos": [
                "Ver series",
                "Nadar",
                "Jugar ajedrez"
            ]
        },
        {
            "id": 30,
            "nombre": "Carlos",
            "apellido": "Fernández",
            "dni": "83457425X",
            "fecha_nacimiento": "1971-07-18",
            "pasatiempos": [
                "Jugar ajedrez",
                "Leer",
                "Correr"
            ]
        },
        {
            "id": 31,
            "nombre": "María",
            "apellido": "Martínez",
            "dni": "45708209V",
            "fecha_nacimiento": "1964-07-13",
            "pasatiempos": [
                "Fotografía",
                "Leer",
                "Jugar ajedrez"
            ]
        },
        {
            "id": 32,
            "nombre": "María",
            "apellido": "Torres",
            "dni": "65287365H",
            "fecha_nacimiento": "1992-02-15",
            "pasatiempos": [
                "Pintar",
                "Jugar ajedrez",
                "Correr"
            ]
        },
        {
            "id": 33,
            "nombre": "Sofía",
            "apellido": "Sánchez",
            "dni": "68565222U",
            "fecha_nacimiento": "1965-08-17",
            "pasatiempos": [
                "Viajar",
                "Pintar",
                "Jugar ajedrez"
            ]
        },
        {
            "id": 34,
            "nombre": "Carlos",
            "apellido": "Pérez",
            "dni": "67134750S",
            "fecha_nacimiento": "1970-12-08",
            "pasatiempos": [
                "Fotografía",
                "Cocinar",
                "Escuchar música"
            ]
        },
        {
            "id": 35,
            "nombre": "Laura",
            "apellido": "Sánchez",
            "dni": "12060964I",
            "fecha_nacimiento": "1994-07-19",
            "pasatiempos": [
                "Viajar",
                "Fotografía",
                "Escuchar música"
            ]
        },
        {
            "id": 36,
            "nombre": "María",
            "apellido": "Fernández",
            "dni": "14810893Y",
            "fecha_nacimiento": "1980-06-02",
            "pasatiempos": [
                "Correr",
                "Cocinar",
                "Leer"
            ]
        },
        {
            "id": 37,
            "nombre": "Sofía",
            "apellido": "Martínez",
            "dni": "25685937T",
            "fecha_nacimiento": "1995-05-01",
            "pasatiempos": [
                "Jugar ajedrez",
                "Leer",
                "Cocinar"
            ]
        },
        {
            "id": 38,
            "nombre": "Laura",
            "apellido": "Ruiz",
            "dni": "12591182P",
            "fecha_nacimiento": "1982-01-06",
            "pasatiempos": [
                "Correr",
                "Cocinar",
                "Fotografía"
            ]
        },
        {
            "id": 39,
            "nombre": "Carlos",
            "apellido": "Ruiz",
            "dni": "14763414Y",
            "fecha_nacimiento": "2003-05-09",
            "pasatiempos": [
                "Ver series",
                "Leer",
                "Jugar ajedrez"
            ]
        },
        {
            "id": 40,
            "nombre": "Diego",
            "apellido": "Gómez",
            "dni": "89366422S",
            "fecha_nacimiento": "1963-10-30",
            "pasatiempos": [
                "Jugar ajedrez",
                "Ver series",
                "Viajar"
            ]
        },
        {
            "id": 41,
            "nombre": "Miguel",
            "apellido": "Fernández",
            "dni": "26190071N",
            "fecha_nacimiento": "1973-07-19",
            "pasatiempos": [
                "Leer",
                "Fotografía",
                "Escuchar música"
            ]
        },
        {
            "id": 42,
            "nombre": "Diego",
            "apellido": "Martínez",
            "dni": "61450452W",
            "fecha_nacimiento": "1982-11-06",
            "pasatiempos": [
                "Viajar",
                "Jugar ajedrez",
                "Cocinar"
            ]
        },
        {
            "id": 43,
            "nombre": "Juan",
            "apellido": "Pérez",
            "dni": "82245582D",
            "fecha_nacimiento": "2000-08-17",
            "pasatiempos": [
                "Cocinar",
                "Correr",
                "Leer"
            ]
        },
        {
            "id": 44,
            "nombre": "Diego",
            "apellido": "Martínez",
            "dni": "76669747Z",
            "fecha_nacimiento": "1983-12-13",
            "pasatiempos": [
                "Leer",
                "Fotografía",
                "Nadar"
            ]
        },
        {
            "id": 45,
            "nombre": "Laura",
            "apellido": "López",
            "dni": "45676561M",
            "fecha_nacimiento": "1966-12-21",
            "pasatiempos": [
                "Cocinar",
                "Escuchar música",
                "Ver series"
            ]
        },
        {
            "id": 46,
            "nombre": "Laura",
            "apellido": "Ruiz",
            "dni": "27714668P",
            "fecha_nacimiento": "1966-10-24",
            "pasatiempos": [
                "Cocinar",
                "Escuchar música",
                "Ver series"
            ]
        },
        {
            "id": 47,
            "nombre": "Pedro",
            "apellido": "Díaz",
            "dni": "39494957B",
            "fecha_nacimiento": "1960-08-08",
            "pasatiempos": [
                "Viajar",
                "Cocinar",
                "Correr"
            ]
        },
        {
            "id": 48,
            "nombre": "Lucía",
            "apellido": "Martínez",
            "dni": "23211647D",
            "fecha_nacimiento": "2001-09-01",
            "pasatiempos": [
                "Correr",
                "Nadar",
                "Viajar"
            ]
        },
        {
            "id": 49,
            "nombre": "Juan",
            "apellido": "Díaz",
            "dni": "72484338M",
            "fecha_nacimiento": "1992-02-21",
            "pasatiempos": [
                "Leer",
                "Correr",
                "Viajar"
            ]
        },
        {
            "id": 50,
            "nombre": "Diego",
            "apellido": "Pérez",
            "dni": "44607535T",
            "fecha_nacimiento": "1968-01-16",
            "pasatiempos": [
                "Leer",
                "Escuchar música",
                "Viajar"
            ]
        }
    ],
    "medicos": [
        {
            "id": 51,
            "nombre": "María",
            "apellido": "Pérez",
            "dni": "64948653L",
            "fecha_nacimiento": "1964-05-05",
            "pasatiempos": [
                "Cocinar",
                "Jugar ajedrez",
                "Correr"
            ]
        },
        {
            "id": 52,
            "nombre": "Carlos",
            "apellido": "Ruiz",
            "dni": "47164551C",
            "fecha_nacimiento": "1985-08-24",
            "pasatiempos": [
                "Jugar ajedrez",
                "Correr",
                "Pintar"
            ]
        },
        {
            "id": 53,
            "nombre": "Ana",
            "apellido": "López",
            "dni": "45674150W",
            "fecha_nacimiento": "1988-03-13",
            "pasatiempos": [
                "Pintar",
                "Escuchar música",
                "Ver series"
            ]
        },
        {
            "id": 54,
            "nombre": "Miguel",
            "apellido": "Sánchez",
            "dni": "57904786A",
            "fecha_nacimiento": "1973-08-20",
            "pasatiempos": [
                "Nadar",
                "Jugar ajedrez",
                "Ver series"
            ]
        },
        {
            "id": 55,
            "nombre": "María",
            "apellido": "Ruiz",
            "dni": "46913056V",
            "fecha_nacimiento": "1981-02-04",
            "pasatiempos": [
                "Fotografía",
                "Leer",
                "Escuchar música"
            ]
        },
        {
            "id": 56,
            "nombre": "Ana",
            "apellido": "Gómez",
            "dni": "73885505M",
            "fecha_nacimiento": "1983-01-29",
            "pasatiempos": [
                "Ver series",
                "Viajar",
                "Fotografía"
            ]
        },
        {
            "id": 57,
            "nombre": "Lucía",
            "apellido": "Martínez",
            "dni": "87829293Z",
            "fecha_nacimiento": "1973-06-16",
            "pasatiempos": [
                "Correr",
                "Pintar",
                "Escuchar música"
            ]
        },
        {
            "id": 58,
            "nombre": "Lucía",
            "apellido": "Ruiz",
            "dni": "94079540V",
            "fecha_nacimiento": "1967-09-16",
            "pasatiempos": [
                "Cocinar",
                "Viajar",
                "Pintar"
            ]
        },
        {
            "id": 59,
            "nombre": "Carlos",
            "apellido": "Gómez",
            "dni": "67794105K",
            "fecha_nacimiento": "1984-06-21",
            "pasatiempos": [
                "Viajar",
                "Leer",
                "Nadar"
            ]
        },
        {
            "id": 60,
            "nombre": "Diego",
            "apellido": "Ruiz",
            "dni": "33681516V",
            "fecha_nacimiento": "1986-02-12",
            "pasatiempos": [
                "Viajar",
                "Escuchar música",
                "Correr"
            ]
        },
        {
            "id": 61,
            "nombre": "Laura",
            "apellido": "Fernández",
            "dni": "60151570E",
            "fecha_nacimiento": "1989-10-30",
            "pasatiempos": [
                "Cocinar",
                "Ver series",
                "Fotografía"
            ]
        },
        {
            "id": 62,
            "nombre": "Ana",
            "apellido": "Pérez",
            "dni": "79105573K",
            "fecha_nacimiento": "1964-05-20",
            "pasatiempos": [
                "Escuchar música",
                "Pintar",
                "Leer"
            ]
        },
        {
            "id": 63,
            "nombre": "Sofía",
            "apellido": "Fernández",
            "dni": "35532254I",
            "fecha_nacimiento": "1979-03-10",
            "pasatiempos": [
                "Fotografía",
                "Viajar",
                "Correr"
            ]
        },
        {
            "id": 64,
            "nombre": "Diego",
            "apellido": "Díaz",
            "dni": "87832011R",
            "fecha_nacimiento": "1964-11-29",
            "pasatiempos": [
                "Jugar ajedrez",
                "Leer",
                "Escuchar música"
            ]
        },
        {
            "id": 65,
            "nombre": "Pedro",
            "apellido": "Torres",
            "dni": "47132200K",
            "fecha_nacimiento": "1980-04-08",
            "pasatiempos": [
                "Correr",
                "Jugar ajedrez",
                "Fotografía"
            ]
        },
        {
            "id": 66,
            "nombre": "Juan",
            "apellido": "Ruiz",
            "dni": "43545632V",
            "fecha_nacimiento": "1962-04-18",
            "pasatiempos": [
                "Correr",
                "Cocinar",
                "Nadar"
            ]
        },
        {
            "id": 67,
            "nombre": "María",
            "apellido": "Gómez",
            "dni": "85411131K",
            "fecha_nacimiento": "1982-11-22",
            "pasatiempos": [
                "Leer",
                "Pintar",
                "Nadar"
            ]
        },
        {
            "id": 68,
            "nombre": "Pedro",
            "apellido": "Martínez",
            "dni": "20219338Q",
            "fecha_nacimiento": "1982-11-23",
            "pasatiempos": [
                "Ver series",
                "Escuchar música",
                "Nadar"
            ]
        },
        {
            "id": 69,
            "nombre": "Miguel",
            "apellido": "Fernández",
            "dni": "54838018T",
            "fecha_nacimiento": "1999-06-25",
            "pasatiempos": [
                "Cocinar",
                "Viajar",
                "Correr"
            ]
        },
        {
            "id": 70,
            "nombre": "María",
            "apellido": "Díaz",
            "dni": "23430801T",
            "fecha_nacimiento": "1985-12-15",
            "pasatiempos": [
                "Fotografía",
                "Jugar ajedrez",
                "Leer"
            ]
        },
        {
            "id": 71,
            "nombre": "María",
            "apellido": "Gómez",
            "dni": "98550373W",
            "fecha_nacimiento": "1998-02-17",
            "pasatiempos": [
                "Leer",
                "Fotografía",
                "Nadar"
            ]
        },
        {
            "id": 72,
            "nombre": "Miguel",
            "apellido": "Díaz",
            "dni": "49990953D",
            "fecha_nacimiento": "1983-03-15",
            "pasatiempos": [
                "Correr",
                "Jugar ajedrez",
                "Fotografía"
            ]
        },
        {
            "id": 73,
            "nombre": "Pedro",
            "apellido": "López",
            "dni": "63036927E",
            "fecha_nacimiento": "1998-03-31",
            "pasatiempos": [
                "Fotografía",
                "Escuchar música",
                "Correr"
            ]
        },
        {
            "id": 74,
            "nombre": "Ana",
            "apellido": "Martínez",
            "dni": "46183486W",
            "fecha_nacimiento": "1960-09-19",
            "pasatiempos": [
                "Ver series",
                "Jugar ajedrez",
                "Viajar"
            ]
        },
        {
            "id": 75,
            "nombre": "Juan",
            "apellido": "Sánchez",
            "dni": "34018760G",
            "fecha_nacimiento": "1971-05-08",
            "pasatiempos": [
                "Viajar",
                "Fotografía",
                "Jugar ajedrez"
            ]
        },
        {
            "id": 76,
            "nombre": "Sofía",
            "apellido": "Ruiz",
            "dni": "86387880A",
            "fecha_nacimiento": "2004-08-03",
            "pasatiempos": [
                "Viajar",
                "Cocinar",
                "Nadar"
            ]
        },
        {
            "id": 77,
            "nombre": "Diego",
            "apellido": "Martínez",
            "dni": "54292513G",
            "fecha_nacimiento": "1960-07-08",
            "pasatiempos": [
                "Nadar",
                "Escuchar música",
                "Viajar"
            ]
        },
        {
            "id": 78,
            "nombre": "Pedro",
            "apellido": "López",
            "dni": "87087982R",
            "fecha_nacimiento": "1976-08-19",
            "pasatiempos": [
                "Pintar",
                "Nadar",
                "Cocinar"
            ]
        },
        {
            "id": 79,
            "nombre": "Ana",
            "apellido": "Pérez",
            "dni": "97931679O",
            "fecha_nacimiento": "1978-02-22",
            "pasatiempos": [
                "Cocinar",
                "Leer",
                "Pintar"
            ]
        },
        {
            "id": 80,
            "nombre": "María",
            "apellido": "Ruiz",
            "dni": "58514306S",
            "fecha_nacimiento": "1996-03-13",
            "pasatiempos": [
                "Pintar",
                "Jugar ajedrez",
                "Viajar"
            ]
        },
        {
            "id": 81,
            "nombre": "Pedro",
            "apellido": "Ramírez",
            "dni": "90172789T",
            "fecha_nacimiento": "1974-09-03",
            "pasatiempos": [
                "Viajar",
                "Correr",
                "Nadar"
            ]
        },
        {
            "id": 82,
            "nombre": "Ana",
            "apellido": "Díaz",
            "dni": "81760969A",
            "fecha_nacimiento": "1973-10-28",
            "pasatiempos": [
                "Jugar ajedrez",
                "Fotografía",
                "Escuchar música"
            ]
        },
        {
            "id": 83,
            "nombre": "Ana",
            "apellido": "Ramírez",
            "dni": "95749438B",
            "fecha_nacimiento": "1967-07-06",
            "pasatiempos": [
                "Leer",
                "Ver series",
                "Fotografía"
            ]
        },
        {
            "id": 84,
            "nombre": "Ana",
            "apellido": "Fernández",
            "dni": "23766554T",
            "fecha_nacimiento": "1994-12-04",
            "pasatiempos": [
                "Cocinar",
                "Fotografía",
                "Viajar"
            ]
        },
        {
            "id": 85,
            "nombre": "Pedro",
            "apellido": "Ruiz",
            "dni": "89330545G",
            "fecha_nacimiento": "1982-01-21",
            "pasatiempos": [
                "Nadar",
                "Escuchar música",
                "Viajar"
            ]
        },
        {
            "id": 86,
            "nombre": "Lucía",
            "apellido": "Martínez",
            "dni": "70498596W",
            "fecha_nacimiento": "1983-08-02",
            "pasatiempos": [
                "Escuchar música",
                "Pintar",
                "Nadar"
            ]
        },
        {
            "id": 87,
            "nombre": "Lucía",
            "apellido": "Martínez",
            "dni": "53834897U",
            "fecha_nacimiento": "1985-04-11",
            "pasatiempos": [
                "Correr",
                "Ver series",
                "Fotografía"
            ]
        },
        {
            "id": 88,
            "nombre": "Ana",
            "apellido": "Ruiz",
            "dni": "20824179D",
            "fecha_nacimiento": "1962-06-10",
            "pasatiempos": [
                "Pintar",
                "Ver series",
                "Cocinar"
            ]
        },
        {
            "id": 89,
            "nombre": "Sofía",
            "apellido": "Gómez",
            "dni": "18640552H",
            "fecha_nacimiento": "1961-10-25",
            "pasatiempos": [
                "Pintar",
                "Escuchar música",
                "Fotografía"
            ]
        },
        {
            "id": 90,
            "nombre": "Miguel",
            "apellido": "Torres",
            "dni": "98029192K",
            "fecha_nacimiento": "1964-05-09",
            "pasatiempos": [
                "Pintar",
                "Cocinar",
                "Correr"
            ]
        },
        {
            "id": 91,
            "nombre": "Diego",
            "apellido": "Gómez",
            "dni": "23327804E",
            "fecha_nacimiento": "1963-08-06",
            "pasatiempos": [
                "Ver series",
                "Leer",
                "Correr"
            ]
        },
        {
            "id": 92,
            "nombre": "Juan",
            "apellido": "Ruiz",
            "dni": "76209025W",
            "fecha_nacimiento": "1961-01-18",
            "pasatiempos": [
                "Cocinar",
                "Jugar ajedrez",
                "Leer"
            ]
        },
        {
            "id": 93,
            "nombre": "Diego",
            "apellido": "Gómez",
            "dni": "13017975N",
            "fecha_nacimiento": "1966-08-18",
            "pasatiempos": [
                "Leer",
                "Escuchar música",
                "Pintar"
            ]
        },
        {
            "id": 94,
            "nombre": "Diego",
            "apellido": "Pérez",
            "dni": "19130006Z",
            "fecha_nacimiento": "1976-05-02",
            "pasatiempos": [
                "Viajar",
                "Pintar",
                "Leer"
            ]
        },
        {
            "id": 95,
            "nombre": "Diego",
            "apellido": "Ramírez",
            "dni": "96915329X",
            "fecha_nacimiento": "1987-05-19",
            "pasatiempos": [
                "Jugar ajedrez",
                "Leer",
                "Correr"
            ]
        },
        {
            "id": 96,
            "nombre": "Diego",
            "apellido": "Fernández",
            "dni": "46282435K",
            "fecha_nacimiento": "1997-01-19",
            "pasatiempos": [
                "Nadar",
                "Cocinar",
                "Fotografía"
            ]
        },
        {
            "id": 97,
            "nombre": "Miguel",
            "apellido": "Díaz",
            "dni": "95327401Y",
            "fecha_nacimiento": "1965-07-31",
            "pasatiempos": [
                "Pintar",
                "Nadar",
                "Fotografía"
            ]
        },
        {
            "id": 98,
            "nombre": "Diego",
            "apellido": "Martínez",
            "dni": "17065237D",
            "fecha_nacimiento": "1979-04-30",
            "pasatiempos": [
                "Leer",
                "Pintar",
                "Escuchar música"
            ]
        },
        {
            "id": 99,
            "nombre": "Pedro",
            "apellido": "Díaz",
            "dni": "88379971Y",
            "fecha_nacimiento": "1985-02-19",
            "pasatiempos": [
                "Leer",
                "Escuchar música",
                "Viajar"
            ]
        },
        {
            "id": 100,
            "nombre": "Carlos",
            "apellido": "Gómez",
            "dni": "58024858P",
            "fecha_nacimiento": "1988-06-27",
            "pasatiempos": [
                "Fotografía",
                "Pintar",
                "Cocinar"
            ]
        }
    ],
    "bomberos": [
        {
            "id": 101,
            "nombre": "Diego",
            "apellido": "López",
            "dni": "24475292M",
            "fecha_nacimiento": "1960-09-25",
            "pasatiempos": [
                "Nadar",
                "Cocinar",
                "Leer"
            ]
        },
        {
            "id": 102,
            "nombre": "Ana",
            "apellido": "Martínez",
            "dni": "98263101M",
            "fecha_nacimiento": "1986-01-05",
            "pasatiempos": [
                "Viajar",
                "Cocinar",
                "Leer"
            ]
        },
        {
            "id": 103,
            "nombre": "Diego",
            "apellido": "Pérez",
            "dni": "52846389T",
            "fecha_nacimiento": "1992-12-30",
            "pasatiempos": [
                "Nadar",
                "Escuchar música",
                "Jugar ajedrez"
            ]
        },
        {
            "id": 104,
            "nombre": "Ana",
            "apellido": "Ruiz",
            "dni": "80973386H",
            "fecha_nacimiento": "1996-04-16",
            "pasatiempos": [
                "Cocinar",
                "Escuchar música",
                "Pintar"
            ]
        },
        {
            "id": 105,
            "nombre": "Juan",
            "apellido": "Pérez",
            "dni": "94673899D",
            "fecha_nacimiento": "2004-11-22",
            "pasatiempos": [
                "Escuchar música",
                "Ver series",
                "Pintar"
            ]
        },
        {
            "id": 106,
            "nombre": "Laura",
            "apellido": "Fernández",
            "dni": "93924792V",
            "fecha_nacimiento": "1968-12-17",
            "pasatiempos": [
                "Cocinar",
                "Ver series",
                "Correr"
            ]
        },
        {
            "id": 107,
            "nombre": "Lucía",
            "apellido": "López",
            "dni": "76450518W",
            "fecha_nacimiento": "1995-11-05",
            "pasatiempos": [
                "Fotografía",
                "Cocinar",
                "Jugar ajedrez"
            ]
        },
        {
            "id": 108,
            "nombre": "Laura",
            "apellido": "Ruiz",
            "dni": "40174760F",
            "fecha_nacimiento": "1976-08-28",
            "pasatiempos": [
                "Pintar",
                "Fotografía",
                "Viajar"
            ]
        },
        {
            "id": 109,
            "nombre": "Miguel",
            "apellido": "Ruiz",
            "dni": "83178534H",
            "fecha_nacimiento": "1987-01-07",
            "pasatiempos": [
                "Pintar",
                "Viajar",
                "Fotografía"
            ]
        },
        {
            "id": 110,
            "nombre": "Diego",
            "apellido": "Martínez",
            "dni": "62412170D",
            "fecha_nacimiento": "1963-01-10",
            "pasatiempos": [
                "Escuchar música",
                "Correr",
                "Nadar"
            ]
        },
        {
            "id": 111,
            "nombre": "Lucía",
            "apellido": "Martínez",
            "dni": "92260493U",
            "fecha_nacimiento": "1965-01-11",
            "pasatiempos": [
                "Viajar",
                "Nadar",
                "Ver series"
            ]
        },
        {
            "id": 112,
            "nombre": "Pedro",
            "apellido": "Ramírez",
            "dni": "57020223C",
            "fecha_nacimiento": "1963-03-22",
            "pasatiempos": [
                "Jugar ajedrez",
                "Pintar",
                "Fotografía"
            ]
        },
        {
            "id": 113,
            "nombre": "Ana",
            "apellido": "Ruiz",
            "dni": "80966612Q",
            "fecha_nacimiento": "1995-01-30",
            "pasatiempos": [
                "Fotografía",
                "Ver series",
                "Cocinar"
            ]
        },
        {
            "id": 114,
            "nombre": "Lucía",
            "apellido": "Gómez",
            "dni": "71814486I",
            "fecha_nacimiento": "1997-03-13",
            "pasatiempos": [
                "Correr",
                "Viajar",
                "Jugar ajedrez"
            ]
        },
        {
            "id": 115,
            "nombre": "Ana",
            "apellido": "López",
            "dni": "62394981E",
            "fecha_nacimiento": "1985-10-17",
            "pasatiempos": [
                "Ver series",
                "Fotografía",
                "Correr"
            ]
        },
        {
            "id": 116,
            "nombre": "Diego",
            "apellido": "Pérez",
            "dni": "93359365Q",
            "fecha_nacimiento": "1976-07-11",
            "pasatiempos": [
                "Pintar",
                "Viajar",
                "Escuchar música"
            ]
        },
        {
            "id": 117,
            "nombre": "Laura",
            "apellido": "López",
            "dni": "77154560W",
            "fecha_nacimiento": "1981-07-20",
            "pasatiempos": [
                "Nadar",
                "Escuchar música",
                "Correr"
            ]
        },
        {
            "id": 118,
            "nombre": "Carlos",
            "apellido": "López",
            "dni": "54689497X",
            "fecha_nacimiento": "1968-01-12",
            "pasatiempos": [
                "Correr",
                "Leer",
                "Ver series"
            ]
        },
        {
            "id": 119,
            "nombre": "Juan",
            "apellido": "Díaz",
            "dni": "58661187E",
            "fecha_nacimiento": "1992-01-01",
            "pasatiempos": [
                "Jugar ajedrez",
                "Correr",
                "Escuchar música"
            ]
        },
        {
            "id": 120,
            "nombre": "Miguel",
            "apellido": "López",
            "dni": "78044731T",
            "fecha_nacimiento": "2003-06-27",
            "pasatiempos": [
                "Escuchar música",
                "Leer",
                "Cocinar"
            ]
        },
        {
            "id": 121,
            "nombre": "María",
            "apellido": "Fernández",
            "dni": "69881197S",
            "fecha_nacimiento": "1979-11-21",
            "pasatiempos": [
                "Pintar",
                "Nadar",
                "Jugar ajedrez"
            ]
        },
        {
            "id": 122,
            "nombre": "Miguel",
            "apellido": "Díaz",
            "dni": "47172723Y",
            "fecha_nacimiento": "1962-11-02",
            "pasatiempos": [
                "Escuchar música",
                "Nadar",
                "Ver series"
            ]
        },
        {
            "id": 123,
            "nombre": "Diego",
            "apellido": "Ruiz",
            "dni": "53403642U",
            "fecha_nacimiento": "2003-04-30",
            "pasatiempos": [
                "Escuchar música",
                "Jugar ajedrez",
                "Fotografía"
            ]
        },
        {
            "id": 124,
            "nombre": "Ana",
            "apellido": "Pérez",
            "dni": "98327141K",
            "fecha_nacimiento": "1996-04-30",
            "pasatiempos": [
                "Leer",
                "Cocinar",
                "Correr"
            ]
        },
        {
            "id": 125,
            "nombre": "Carlos",
            "apellido": "Martínez",
            "dni": "37164511J",
            "fecha_nacimiento": "1988-02-24",
            "pasatiempos": [
                "Escuchar música",
                "Nadar",
                "Fotografía"
            ]
        },
        {
            "id": 126,
            "nombre": "Juan",
            "apellido": "López",
            "dni": "18507108O",
            "fecha_nacimiento": "2004-10-01",
            "pasatiempos": [
                "Correr",
                "Ver series",
                "Fotografía"
            ]
        },
        {
            "id": 127,
            "nombre": "Pedro",
            "apellido": "Díaz",
            "dni": "16336281M",
            "fecha_nacimiento": "1964-05-24",
            "pasatiempos": [
                "Nadar",
                "Viajar",
                "Leer"
            ]
        },
        {
            "id": 128,
            "nombre": "Lucía",
            "apellido": "López",
            "dni": "41721570P",
            "fecha_nacimiento": "1962-07-21",
            "pasatiempos": [
                "Jugar ajedrez",
                "Nadar",
                "Correr"
            ]
        },
        {
            "id": 129,
            "nombre": "Lucía",
            "apellido": "Ramírez",
            "dni": "25878637M",
            "fecha_nacimiento": "1974-01-24",
            "pasatiempos": [
                "Jugar ajedrez",
                "Leer",
                "Fotografía"
            ]
        },
        {
            "id": 130,
            "nombre": "Juan",
            "apellido": "Gómez",
            "dni": "30985261I",
            "fecha_nacimiento": "1973-04-13",
            "pasatiempos": [
                "Ver series",
                "Jugar ajedrez",
                "Escuchar música"
            ]
        },
        {
            "id": 131,
            "nombre": "Juan",
            "apellido": "Sánchez",
            "dni": "76563700C",
            "fecha_nacimiento": "2005-11-15",
            "pasatiempos": [
                "Cocinar",
                "Ver series",
                "Correr"
            ]
        },
        {
            "id": 132,
            "nombre": "Pedro",
            "apellido": "Torres",
            "dni": "29654382F",
            "fecha_nacimiento": "1999-06-11",
            "pasatiempos": [
                "Viajar",
                "Nadar",
                "Leer"
            ]
        },
        {
            "id": 133,
            "nombre": "Ana",
            "apellido": "Sánchez",
            "dni": "18507965F",
            "fecha_nacimiento": "1964-07-15",
            "pasatiempos": [
                "Escuchar música",
                "Viajar",
                "Pintar"
            ]
        },
        {
            "id": 134,
            "nombre": "Laura",
            "apellido": "Ruiz",
            "dni": "57613810L",
            "fecha_nacimiento": "1966-02-17",
            "pasatiempos": [
                "Nadar",
                "Escuchar música",
                "Leer"
            ]
        },
        {
            "id": 135,
            "nombre": "Carlos",
            "apellido": "Martínez",
            "dni": "51700513M",
            "fecha_nacimiento": "1972-01-23",
            "pasatiempos": [
                "Cocinar",
                "Fotografía",
                "Nadar"
            ]
        },
        {
            "id": 136,
            "nombre": "Pedro",
            "apellido": "Díaz",
            "dni": "24698908K",
            "fecha_nacimiento": "1964-02-27",
            "pasatiempos": [
                "Correr",
                "Cocinar",
                "Ver series"
            ]
        },
        {
            "id": 137,
            "nombre": "Juan",
            "apellido": "Ruiz",
            "dni": "46789445Z",
            "fecha_nacimiento": "2001-01-20",
            "pasatiempos": [
                "Fotografía",
                "Ver series",
                "Leer"
            ]
        },
        {
            "id": 138,
            "nombre": "Diego",
            "apellido": "Ramírez",
            "dni": "80809105E",
            "fecha_nacimiento": "1999-11-11",
            "pasatiempos": [
                "Correr",
                "Pintar",
                "Fotografía"
            ]
        },
        {
            "id": 139,
            "nombre": "Sofía",
            "apellido": "Ramírez",
            "dni": "13250331N",
            "fecha_nacimiento": "1960-03-29",
            "pasatiempos": [
                "Pintar",
                "Leer",
                "Correr"
            ]
        },
        {
            "id": 140,
            "nombre": "Juan",
            "apellido": "Pérez",
            "dni": "42705796X",
            "fecha_nacimiento": "1986-05-29",
            "pasatiempos": [
                "Cocinar",
                "Escuchar música",
                "Fotografía"
            ]
        },
        {
            "id": 141,
            "nombre": "Miguel",
            "apellido": "Fernández",
            "dni": "71720475O",
            "fecha_nacimiento": "2003-01-14",
            "pasatiempos": [
                "Jugar ajedrez",
                "Pintar",
                "Ver series"
            ]
        },
        {
            "id": 142,
            "nombre": "Carlos",
            "apellido": "Pérez",
            "dni": "36100007C",
            "fecha_nacimiento": "1978-03-27",
            "pasatiempos": [
                "Nadar",
                "Fotografía",
                "Pintar"
            ]
        },
        {
            "id": 143,
            "nombre": "María",
            "apellido": "Pérez",
            "dni": "57756572H",
            "fecha_nacimiento": "1969-04-24",
            "pasatiempos": [
                "Escuchar música",
                "Cocinar",
                "Viajar"
            ]
        },
        {
            "id": 144,
            "nombre": "Sofía",
            "apellido": "Fernández",
            "dni": "14044257V",
            "fecha_nacimiento": "1982-07-15",
            "pasatiempos": [
                "Leer",
                "Fotografía",
                "Pintar"
            ]
        },
        {
            "id": 145,
            "nombre": "Pedro",
            "apellido": "López",
            "dni": "95584590B",
            "fecha_nacimiento": "1995-02-14",
            "pasatiempos": [
                "Fotografía",
                "Pintar",
                "Leer"
            ]
        },
        {
            "id": 146,
            "nombre": "Miguel",
            "apellido": "Gómez",
            "dni": "85947342Z",
            "fecha_nacimiento": "1966-06-26",
            "pasatiempos": [
                "Fotografía",
                "Pintar",
                "Correr"
            ]
        },
        {
            "id": 147,
            "nombre": "Juan",
            "apellido": "Sánchez",
            "dni": "55644541A",
            "fecha_nacimiento": "1974-05-09",
            "pasatiempos": [
                "Correr",
                "Escuchar música",
                "Leer"
            ]
        },
        {
            "id": 148,
            "nombre": "María",
            "apellido": "Martínez",
            "dni": "52194681C",
            "fecha_nacimiento": "1981-03-04",
            "pasatiempos": [
                "Viajar",
                "Ver series",
                "Jugar ajedrez"
            ]
        },
        {
            "id": 149,
            "nombre": "María",
            "apellido": "Martínez",
            "dni": "93528726C",
            "fecha_nacimiento": "1964-08-28",
            "pasatiempos": [
                "Ver series",
                "Jugar ajedrez",
                "Escuchar música"
            ]
        },
        {
            "id": 150,
            "nombre": "Juan",
            "apellido": "Sánchez",
            "dni": "51633533I",
            "fecha_nacimiento": "1988-10-08",
            "pasatiempos": [
                "Fotografía",
                "Escuchar música",
                "Correr"
            ]
        }
    ]
}